{
    "deadman": {
        "username": "deadman",
        "password": "deadman",
        "friends": ["med"],
        "outgoingRequests": ["kingslayer"],
        "friendRequests": ["mee", "vengeance"],
        "ongoingGames": [101, 102],
        "gamesPlayed": 2,
        "gamesWon": 1,
        "prevMatches": ["win", "loss"],
        "accStatus": "public"
    },

    "kingslayer": {
        "username": "kingslayer",
        "password": "kingslayer",
        "friends": [],
        "outgoingRequests": ["vengeance"],
        "friendRequests": ["deadman", "mee"],
        "ongoingGames": [10, 92],
        "gamesPlayed": 2,
        "gamesWon": 0,
        "prevMatches": ["loss", "loss"],
        "accStatus": "public"
    },

    "mee": {
        "username": "mee",
        "password": "mee",
        "friends": ["med", "vengeance"],
        "outgoingRequests": ["deadman", "kingslayer"],
        "ongoingGames": [13, 16],
        "gamesPlayed": 2,
        "gamesWon": 0,
        "friendRequests": [],
        "prevMatches": ["loss", "loss"],
        "accStatus": "private"
    },
    "med": {
        "username": "med",
        "password": "med",
        "friends": ["mee", "deadman"],
        "outgoingRequests": [],
        "ongoingGames": [71, 18],
        "gamesPlayed": 2,
        "gamesWon": 2,
        "friendRequests": [],
        "prevMatches": ["win", "win"],
        "accStatus": "public"
    },
    "vengeance": {
        "username": "vengeance",
        "password": "vengeance",
        "friends": ["mee"],
        "outgoingRequests": ["deadman"],
        "ongoingGames": [15, 142],
        "gamesPlayed": 3,
        "gamesWon": 2,
        "friendRequests": ["kingslayer"],
        "prevMatches": ["win", "win", "loss"],
        "accStatus": "public"
    }
}